score,text
0, SECOND HALF City get us under way again cityvlfc mcfc n n ud d udd ud d udd t co VntTklwrT 
0, karakanayasoka wa vokoli maragoli ni game poa wazito natakia ti u 
0, Um
0, We bottled
0, Semoga musim depan Klopp eveluasi lagi dan LFC punya striker bertipe n Perusak Prahara Rumah Tangga Lawan t co sBTimr BCD 
0, living life on the edge defensively
1, Pep Guardiola u cThis is one of the happiest days of my life as a manager How we played against Liverpool means a l u 
0, Liverpool FC Manchester City Liverpool Follow live coverage t co HvIgdttGUp lfc 
0, Come on you Red men
-1, Was vital not to lose that
0, It has everything but goals so far ud d udd ud d udd t co Qx Otj 
-2, What a bloody tackle from Milner Fernandinho is comical MCFC MCILIV LFC 
1, Great game So open
0, What a goal that would ve been MCILIV 
0, LE RATEEEEEEEEEEE DE L ANNEEEEEEEEEEEEEEE n MCILIV 
-1, Not a penalty because reasons LFC 
-1, James Milner scored Liverpool s th penalty in all competed recorded at LFC n n t co VphrZ cW h 
1, It s been a fine first half
1, Great thing about watching a game at Etihad on tv is that you don t understand a word that the adverts say Chinese 
0, It s BoringMilner
0, Vinner begge hengekampene
1, Det er meg helt uforst u e elig hvorfor Manchester City supportere piper p u e Milner Han gjorde en solid jobb for de i u e r Mye p u e benk MCILIV 
1, MCILIV BONUS POINTS AS IT STANDS n n u Toure n u Clichy n u Coutinho
-1, WHAT THE HECK is she putting inside n MCILIV n t co z Q dejGB 
2, Best possible way for Milner to silence the boo boys LFC lead at the Etihad
0, COME ON CITY ud d udc t co rRt FZ j 
0, HT Manchester City Liverpool Not the best Not the worst Big second half coming up LFC MCILIV cityvlfc t c u 
1, Bring in Bravo We need goals MCILIV 
0, MCILIV MCFC cityvlfc LFC t co e dDd r B 
2, Got to be Emre Can s best performance for LFC Thought he was immense today 
0, nDeep in my heart
0, Lollolna 
0, Roses are red
0, u StarFootballLeague n u MCILIV n u a MUFC n u b Stephen Odey n u c DrPaul Yahweh Video n n WAT trndnl t co zX A KS 
-1, Mane with some insane pace
-3, Fucking hell I m sitting in the gym and MCILIV is on and the people here just went wild when Lallana bottled it to make it ud d ude 
1, A good battle ud d udd ud d udd t co Y qkgJ GG 
1, City will not finish in the top period You can take that to the bank
-1, WHAT THE HECK is she putting inside n MCILIV n t co e QnkfuWQY 
0, Milner to Liverpool free n nSterling to City u a m n nLFC might lose their young potential player
0, Cabellero doing a Dwight Gayle here and turning up against LFC 
0, ud d udcf Sergio Aguero celebrates Man City s equaliser against Liverpool n nIt s with mins remaining MCILIV t c u 
0, FT ud d udd ud d udd n nAn absorbing game at the Etihad as the points are shared cityvlfc mcfc t co S XFBiWETa 
1, She s Beautiful n MCILIV n t co XlxHXtjHGR 
0, u e u e u e u e u e u e a u e u e u e u e c u e d u e u e u e u e u e u e u e d u e u e u e a u e c u e u e a u e u e u e u e u e a u e d u e u e c u e u e u e u e u e u e d u e u e u e u e u e u e u e u e u e u e u e u e u e u e u e u e u e u e u e a u e u e u e u e c u e u e u e u e b u e u e d u e u e u e u e u e u e u e u e u e u e u e u e u e a u e u e u e u e c u e a u e d u e a u e u e u e d u e u e u e u e ud d ude ud d ude ud d ude LFC 
0, Sergio Aguero cette apr u e s midi MCILIV t co mjYnxIIpDJ 
0, ud d udcf James Milner makes it ufe f u e out of ufe f u e from the u aa ufe f this season n nIt s Man City Liverpool mins MCILIV u 
0, YESSSS LOFTEY t co IdlxvBDUTq 
0, Toure should be off
0, D u e couvrez le Jardin M u e morial de l Etihad Stadium u e ManCity amp la grande tradition des supporters anglais ud d ude f u bd ufe f ud c uddec ud c udde u 
-1, Missarnas match Fortsatt obesegrat mot topp sex i alla fall LFC 
1, Betvictor New Custom nBet u a Get n football golf EPL SFC n LFC mufc MCFC AFC nEntry k Golden Goal Claim u t co YS A wQrwI 
0, u a u u u f u u a u u u u u u f u a u SaudiTrendat n cityvlfc n u u a u u a u u u u u u u u u a u u u u u u u u a u f n u u u u u u a u a u u u u u u f u u u u a u u u a n MCILIV u u a u u u a u u u u a u t co TuXooKwFst u 
1, Can playing well so far Looking to add a few extra K LFC 
-1, WHAT THE HECK is she putting inside n MCILIV n t co C ARPoXyn 
-1, WHAT THE HECK is she putting inside n MCILIV n t co IAGHLwIRE 
0, Get in there Milner LFC YNWA 
0, GOOOOOOAL MILNERRRR t co RfdB QSUwY 
1, LFC Relief for the Reds n nSterling can t finish from a cross and neither can Fernandinho on the follow up n n 
-1, He s playing bad
0, each
0, FECKIN C MANNNNNNNNNN LFC 
1, Can is freaking amazing He did a lot of work both in defence and offense LFC 
0, u Yellow Card Man City nMan City Liverpool n MCILIV t co yNhb kG qG 
1, Proper game of football that Take a point LFC 
0, You should be a comedian t co BCbfcVKIMa 
1, Good to see you n n ud d udd ud d udd t co oirVEYlIJ 
0, u n n t co iS RaWtNF 
0, Matches between Premier League s big slightly irrelevant league table n n LFC n CFC n THFC n MCFC n MUFC u 
0, t co s qsM xPol 
-1, RT MCFC vs LFC was a match of missed opportunities
0, Man Utd have an edge against us ud d ude c t co Og B r Ou 
1, Yes Great shot by Milner Love how Klopp doesn t watch penalty shots lfc 
0, Non sbaglia il rigore il capitano del LFC come sempre Rigore ottenuto da Firmino
-1, WHAT THE HECK is she putting inside n MCILIV n t co pr Um naB 
0, nTupo Ndaaaaaani sana mie na ubavu wangu Monicah Outer matongo livepool u 
0, Firmino dribble and passing has been superb but the finishing was a very poor ud d ude ud d ude MCILIV 
0, Two penalties not given to Liverpool MCILIV 
-3, fuck off you useless cunts t co fgsJzJxwCw 
1, She s Beautiful n MCILIV n t co L EbkEyXl 
1, She s Beautiful n MCILIV n t co EKYxYj ZGj 
0, ptain dommage Sadio Mane il aurait d u fb mieux faire MCILIV 
0, u e u e u e d u e u e a u e a u e u e u e u e a u e c u e u e u e u e u e u e u e u e u e b u e u e u e u e u e u e u e u e u e LFC 
0, ud d udcaa t co cG fXmzSx 
-1, WHAT THE HECK is she putting inside n MCILIV n t co IAGHLwIRE 
1, FIRMINO GOING OFF TO SLIDE IN FRONT OF THE LFC FANS THEN LOOKS BACK HAHAHAHA n n t co x JRSUnZpd 
1, A solid shift from both sides ud d udd ud d udd t co exgNGruQ y 
1, Pep Guardiola u cThis is one of the happiest days of my life as a manager How we played against Liverpool means a l u 
-1, Who turned the penalty feature off then Michael Oliver having a worldy as usual ud e udd LFC 
1, A solid shift from both sides ud d udd ud d udd t co exgNGruQ y 
0, Klopp
1, MCFC fans booing James Milner MCILIV t co vtgFGhsmf 
1, James Milner with a superb penalty on his return to MCFC One of the best players on the pitch today MCILIV LFC 
0, GOAL Manchester City Liverpool James Milner scores a penalty after being booed all game from the City fans M u 
-1, How is that not a penalty mciliv 
1, Watch Manchester City vs Liverpool Premier League Live Stream t co ypWA ag pD n n mcfc cityvlfc LFC PL 
-1, MCILIV Grosse intensit u e dans ce CHOC de PL Matip vient mettre sa t u eate sur coup franc u e a passe u e c u f t u e u 
0, Never a penalty Once you get megged like that
1, Emre and Gini were the best for us today Milner came next n LFC 
1, win you frauds 
0, C est quoi ce match MCILIV ud d ude d 
0, Back to it n nCome on
0, E que falhan u e o t co ddTFqU R 
1, Mancity should forget about increasing their stadium capacity They can t even sell out a big match like this 
-1, I am genuinely baffled LFC 
-1, But for poor finishing we could ve won or lost or won or lost or won or lost or won or lost that LFC MCILIV 
-3, The finishing in this game has been appalling Game should ve been dead amp buried We ll obviously be made to pay for all those misses LFC 
-1, quel insolence t co eO uq nHG 
0, MCILIV Ce match prend compl u e tement feu ud d udd ud d udd ud d udd Gros temps fort de Liverpool
-1, WHAT THE HECK is she putting inside n MCILIV n t co fzN bQz mj 
0, FT Man City Liverpool James Milner scoring Could have won that Could have lost it too But definitely could u 
1, Liverpool should have been able to win Many opportunities that should be a goal 
-2, My father s allegiance lies with the team with more players whose names he can shout Regrettably
-4, Mad game that Such a shame with the Lallana miss So sooo bad But we move on
-1, WHAT THE HECK is she putting inside n MCILIV n t co MKWjsJsfH 
0, AGUEROOOO MCILIV 
1, MCILIV Michael Oliver is having a very good game Tryna keep the score as much as he can 
1, Milner to the Man City fans MCILIV t co faFsyM tJ 
1, A solid shift from both sides ud d udd ud d udd t co exgNGruQ y 
1, ManCity v Liverpool is not a big enough game for The Etihad to be sold out
0, LMAOOO You got jokes ud d ude It has nothing t co G W XRiqf 
2, Fans boo While Fans boo 
-1, Wow Not sure which teams miss was worse ud d ude e MCILIV 
-2, Nasty Very nasty LFC MCILIV cityvlfc Toure t co iODDsQteEj 
0, Pen u e lti para o Liverpool MCILIV 
2, At his best Coutinho is one of the league u s top players At the moment he u s as close to an empty shirt as he u s been si u 
-1, James Milner has NEVER lost a PL game in which he has scored MCILIV t co xhPX YV Qb u b ufe f t co M IiXcnRiY 
-1, Got from my predictor with Barca still play whitesangoma under threat u 
-1, WHAT THE HECK is she putting inside n MCILIV n t co xaBH Is pL 
1, Another day in the office ahead workathome instead t co Pcx qgS yk EURO winning jobhuntchat LFC cafc 
0, u DateMyFamily n u OurPerfectWedding n u a MCILIV n u b Lamborghini n u c Liverpool n n SAST trndnl t co ZiIghhS p 
0, FULL TIME The PL s third and fourth placed sides share the points after an absolute thriller at the Etihad MCILIV htt u 
-1, A little dissapointed with the scoreline after where we were at around mons
0, e ficam no empate num JOGA u c O Milner e fizeram os gols da partida t co ZB HLT u 
0, Where the F is our defense Clyne
0, They ve called it a full house at the Etihad today MCILIV t co UuNtgAmthu 
0, What Was That lfc 
0, FT Man City LFC Stunning game Packed full of chances and drama Milner penalty cancelled out by Aguero 
0, GOLO Milner GP nMan City Liverpool MCILIV 
0, ud d udcf James Milner makes it ufe f u e out of ufe f u e from the u aa ufe f this season n nIt s Man City Liverpool mins MCILIV u 
0, u u u u u a u u e u u 
0, Phew Some game Good result tho City bizarre team at times hard to live with the them amp then look like they ll fold at any minute LFC 
-1, WHAT THE HECK is she putting inside n MCILIV n t co YNScPKfLcZ 
0, ud d udcf Sergio Aguero celebrates Man City s equaliser against Liverpool n nIt s with mins remaining MCILIV t c u 
-1, WHAT THE HECK is she putting inside n MCILIV n t co KEjgEGSk k 
0, ud d udd u ufe f n u b ufe f u bd ufe f ud d udd n MCILIV t co RsiD Zwkze 
0, KarakanaYaSoka Dakika ya hapa ukiwa nasi na nani ashi u 
-1, Did you watch the fucking clip pal t co MlZEJtX zl 
0, cubaan sadio mane berdepan keeper dapat dihalang n nMCI LFC MCILFC YNWA 
0, Paddypower New football MCFC LFC mufc Spurs n ManCity v Liverpool nSunday Claim gt u t co BposprhKLx 
0, Eish giving me asthma 
-1, Betfair No Risk Offer nBet u a Get u a n MUFC MCFC LFC AVFC lufc n Spurs bhafc PremierLeague n AVFC LFC Claim u 
2, Klopp I m not happy in this moment But give me a few hours and I will be happy LFC t co kiGk xASka 
0, The Reds look for a swift response but Firmino s drive crashes into the side netting n n t co pMuZHwEFCF 
0, Gollllllll u n Liverpool LFC milner ynwa chupamanchestershit 
0, Emre Can pulls back Kevin De Bruyne
1, She s Beautiful n MCILIV n t co DEcSBZniFf 
-1, WHAT THE HECK is she putting inside n MCILIV n t co PLvfN EfWI 
1, LFC Manchester City Liverpool player ratings Can gives best performance in red but Coutinho anonymous agai u t co ijzmbWrJy 
0, On est chanceux Lallana rate l immanquable Quelle chance MCILIV 
0, MCILIV RESULT nMilner scored from the spot
-1, I hate Clichy 
0, I added a video to a playlist t co Jz yBQpVvV LFC CAREER MODE ep transfer deadline day 
0, LFC creating more chances 
0, ud d udcf James Milner makes it ufe f u e out of ufe f u e from the u aa ufe f this season n nIt s Man City Liverpool mins MCILIV u 
-1, Watched an intense first half at the Studio Let s keep the three points at home Blues ud d udcaa ud c udffc mcfc u 
0, It has everything but goals so far ud d udd ud d udd t co Qx Otj 
1, LFC ha ha ha enough said 
1, Firminio celebrated to early ud d ude ud d ude LFC n n t co q gLyZ QR 
0, ud c udfa What a game that was LFC t co Z So nRqgM 
0, GOAAAAAAL n nCITY LIVERPOOOL nSCORER AGUERO nASSIST KDB n n MCILIV n IAmWonder 
1, What a shot from Silvia wow MCILIV 
0, Practice corners 
0, Milner MCILIV 
0, MCILIV L u e norme r u e action WTF de Guardiola apr u e s une faute offrant un superbe check avec Klopp ud d ude ud d udc a ud d ude d PL cc u 
3, LFC could be top of EPL if they had a striker Good head to head vs top teams
0, What is with Guardiolas jacket MCILIV 
1, FIRMINO GOING OFF TO SLIDE IN FRONT OF THE LFC FANS THEN LOOKS BACK HAHAHAHA n n t co x JRSUnZpd 
1, FIRMINO GOING OFF TO SLIDE IN FRONT OF THE LFC FANS THEN LOOKS BACK HAHAHAHA n n t co x JRSUnZpd 
1, Manchester City vs Liverpool n nWatch LFC MCFC Free Live Stream on t co Fsycl DxpC 
1, How come there is still empty seats at this eitihad This is a top fixture n nSmall time club mancity n n MUFC MCFC 
0, Full time at the Etihad Manchester City Liverpool MCFC LFC n nWHAT A GAME u bd ufe f ud d udd ud d udd t co LUHAgATPq 
1, Good game we build from it Ynwa u af already walk dis one alone o
0, FT n cityvlfc premierleague mcfc t co OUePvX Vko 
1, Firminio celebrated to early ud d ude ud d ude LFC n n t co q gLyZ QR 
1, Wow ud d ude ud d ude ud d ude t co OBVHVSsl q 
0, Start earning online gt gt upto month t co GZqEPWTNg SundayFunday LAMarathon MCILIV GoBlue ONline 
0, Segue o jogo t co zl yNN c Z 
0, PL ud c uddec ud c udde MAN CITY LIVERPOOL n nTERMIN u c n n MCILIV t co xfIT npCRY 
1, No mind games No insults Just pure respect
0, How come Caballero becomes Buffon every time he play against us lfc 
-1, You don t often see Aguero miss far post
0, MCILIV quel rat u e de Lallana qui manque l immanquable 
0, FULL TIME The PL s third and fourth placed sides share the points after an absolute thriller at the Etihad MCILIV t co RntAdqGAdw 
1, FIRMINO GOING OFF TO SLIDE IN FRONT OF THE LFC FANS THEN LOOKS BACK HAHAHAHA n n t co x JRSUnZpd 
0, GOAL Milner scores to make it to Liverpool MCILIV 
1, Happy birthday Kolo ud c udf t co AKg FNvYu 
-2, Damn it defend the crosses Ugh LFC 
-1, City so poor MCILIV 
0, How exactly is that not a red card MCILIV 
-1, What Liverpool s attack really need n t co uSWxQOlK V 
2, City fans are so classless booing one of their most successful players of all time James Milner ud d udc MatchdayMac t co yXI dfSbjG 
1, Great game this
1, A thoroughly entertaining contest ends with a share of the points ud d udd ud d udd t co h NnHKMg q 
0, It was only a matter of time need that second goal LFC Come on
1, Kevin De Bruyne Has registered assists in the Premier League this season
0, It has everything but goals so far ud d udd ud d udd t co Qx Otj 
1, never easy watching is it 
1, Can t believe the fans are booing Milner
0, ud d udcf It s still Man City Liverpool and as we head towards added time u n n u will someone have the final say MCILIV u 
0, HT ud d udd ud d udd n nEntertainment
-1, WHAT THE HECK is she putting inside n MCILIV n t co e QnkfuWQY 
0, u df u eb u ca u fc uff uff uff ud c udf ud c udf ud c udf t co LwZeDDoExb 
1, a draw is decent 
0, Result n shots for City for LFC in first half n for Aguer n for defenders 
-1, Five Manchester City players around Oliver after he finally gives penalty FA will presumably charge club for not contro u 
-1, This fucking ref Booked LFC players when City players roll around Emre Can gets up after getting studs in his chest Wa u 
0, ud d ude ud d ude ud d ude ud d ude Ultimate L t co UxfaVgm St 
0, GOAL Man City Liverpool mins James Milner slots home from the spot after Clichy had fouled Firmino MCILIV 
0, u ab u d u b u a u ed u u f u f u u u b u a u u MANCITY MCILIV JSPOFOOTBALL 
0, Man City e Liverpool empatam a com golos de Milner e Aguero MCILIV t co yHxQiWINw 
0, there will be goals nd half red ones hopefully 
-1, The first claim Don t think this was a penalty Next one definitely was t co B UpeDcM 
0, can you score please 
2, Got to be Emre Can s best performance for LFC Thought he was immense today 
0, MCILIV ud c udf f 
0, We re back under way at the Etihad MCILIV 
0, PL ud c uddec ud c udde MAN CITY LIVERPOOL n nGOOOOOOOAAAAAL DE MILNER n n MCILIV t co IwM TiKfVX 
1, Top n MCILIV n TOTSOU n Harry Winks n Milner n Southampton 
1, Cool abah dia t co G CKJT mFU 
1, Should be a fun minutes at the Etihad manCity lfc 
-1, WHAT THE HECK is she putting inside n MCILIV n t co g FBu eGO 
0, u u f c u u u b u u e a u c u c lfc 
0, Tamat perlawanan dgn keputusan hasil jaringan Milner dan Aguero setelah aksi minit terakhir yg mendebarkan u 
1, She s Beautiful n MCILIV n t co LpmrZVTTn 
-1, WHAT THE HECK is she putting inside n MCILIV n t co ef paptj 
1, She s Beautiful n MCILIV n t co hmPRzTvwgd 
0, FT ud d udd ud d udd n nAn absorbing game at the Etihad as the points are shared cityvlfc mcfc t co S XFBiWETa 
2, Au choix ce dimanche midi u e la TV aux USA nJames Bond Quantum Of Solace sur ou Premier League MCILIV u t co psp QqjNQ 
1, City and LFC forwards bottled chance after chance like our forwards have done all season 
0, Since 
0, Dear god how LFC 
0, Lots of action but not much to enjoy in that half Distinct lack of overall quality So underwhelming MCILIV 
0, FelizDomingo Cr u f nica MCC LFC Los REDS u b sacan un valioso empate de visitante en el City of Manchester ambos mantienen sus posiciones 
0, If you re booing Milner you need to reassess your life Quickly MCILIV 
0, Ironic cheers from the MCFC fans as the linesman eventually gives us something MCILIV 
-1, Yaya Toure slides in and catches Emre Can in the chest n n That has got to be a red card Savage n n MCILIV u 
1, Trading blows left right and centre MCILIV YNWA 
0, What a monumental miss Sterling must be working undercover MCILIV 
0, u a Finaliza el partido en Manchester 
3, Can again was boss in the middle Pep was smart to change Yaya Toure LFC not forgotten that sexy pass to Bob for the PK 
-1, God forbid sterling ever scores against lfc 
1, Proud see Hosting LFC Legend Souness amp ex player book launch u 
-1, ud c udfc U s lose on penalties PLCup n n t co KxYYE kkpR 
0, Live Stream ManchesterCity vs Liverpool n nAndroid ud d udcf HD n t co hXkFmJd n nPc ud d udcbbIOS ud d udcf u t co i Q fMLeq 
4, Great game Emre outstanding Anyone says different plays to much FIFA LFC decent point top 
0, ud d udd u ufe f n u b ufe f u bd ufe f ud d udd n MCILIV t co RsiD Zwkze 
-1, WHAT THE HECK is she putting inside n MCILIV n t co x nRKXhYfb 
0, Three quick things from Manchester City s draw with Liverpool MCILIV t co PeApnQaNtj 
0, La sortie de San u e est u e trange tant l allemand a fait des dif dans ce match MCILIV 
1, Solid start to the second half n nLallana pulls it back for Sadio
0, SECOND HALF City get us under way again cityvlfc mcfc n n ud d udd ud d udd t co VntTklwrT 
0, ud d udcf No shortage of excitement at the Etihad but it s Man City Liverpool u somehow mins MCILIV t co skmGU u 
-1, WHAT THE HECK is she putting inside n MCILIV n t co NzqUWHuxSc 
0, RT BoringMilner It s BoringMilner
0, Merci u e et de laisser une petite chance u e MCILIV 
0, u e u e b u e u e u e c u e u e u e u e u e u e u e u e u e u e u e u e u e u e t co krTcIjFzcp 
0, Go Reds u bd ud d udd 
0, LIVE MATCH Menit 
0, MANE will score goals in th second half Goodbye for the next hour 
0, Aguero empata o cl u e ssico na Inglaterra C u e mera vai pra torcida e camisa do aparece ManCity x Liverpool 
0, Not going to blame Lallana Should ve scored but he had a great game in midfield MCILIV 
0, Adoi tersiku telinga MCILIV 
1, Draw it is of the top dropped points
0, Ini kaga kalah aja
0, Oh no
-1, WHAT THE HECK is she putting inside n MCILIV n t co SqxeeHwQnr 
0, FT ud d udd ud d udd n nAn absorbing game at the Etihad as the points are shared cityvlfc mcfc t co S XFBiWETa 
0, Sends off for f ck all but this from Yaya Toure is ok Round of applause ud d udc f ud c udffc for Michael Oliver u 
-1, MCILIV Guardiola amp Klopp Funny Moment t co RV e rKMJ 
0, Frick we need the three points One is not gonna cut it MCILIV LFC t co GfGQ ala n 
-1, Everyone looks so tired Why 
0, L action de Liverpool ud d udd et Can qui rate le ballon a m des cages vide MCILIV 
2, Got to be Emre Can s best performance for LFC Thought he was immense today 
-1, MCILIV a draw is not so bad
-1, WHAT THE HECK is she putting inside n MCILIV n t co kb Ns uvm 
1, name someone like Dybala then 
-7, What a miss miss miss miss miss miss All misses MCILIV 
0, How s that not a pen MCILIV 
1, SkySports will now focus on Sterling missing a chance rather than look at all the exceptional stuff he s done in the st half MCILIV 
0, Confirmed LFC team to face Mignolet
1, th straight win at WHL
1, Origi to win this for us You heard it here first YNWA MCILIV 
0, How do Neville and Martin Tyler keep getting Liverpool games
2, GOOD LUCK u u t co pmUQPZb U 
1, She s Beautiful n MCILIV n t co hmPRzTvwgd 
0, Managers LFC MCILIV cityvlfc Klopp t co D qTmxy Yu 
0, James Milner now scored penalties out of for 
-1, Penalty for Liverpool LFC t co f ZiDlKG 
3, It was even in Lallana s strong foot He had time to take a touch Not good enough Gutted LFC 
-1, Five Manchester City players around Oliver after he finally gives penalty FA will presumably charge club for not contro u 
0, Def a pen MCFCvLFC lfc ynwa 
0, PL ud c uddec ud c udde MAN CITY LIVERPOOL n nTERMIN u c n n MCILIV t co xfIT npCRY 
1, Great frikkin game MCILIV 
0, A former red and a former blue go head to head u bd ufe f cityvlfc t co GoJB HHzdS 
-1, Shitttt n nIt s penalty n n ManCity 
-1, Get in Buzzing like a sticky whiskered bee here LFC 
0, MOTM was Emre Can LFC 
0, EL GOL DE JAMES MILNER MCILIV t co j o Chg pU 
0, ud d udcf No shortage of excitement at the Etihad but it s Man City Liverpool u somehow mins MCILIV t co skmGU u 
0, Coutinho
1, She s Beautiful n MCILIV n t co L EbkEyXl 
0, Paddypower New football MCFC LFC mufc Spurs n ManCity v Liverpool nSunday Claim gt u 
0, GOOOOOOAL MILNERRRR t co RfdB QSUwY 
1, Best game this season Masterclass in bottling chances MCILIV 
0,
1, Hope going right comeoncity mcfc MCILIV 
0,
0, GOOOOOOAL MILNERRRR t co RfdB QSUwY 
0, L occasion immanquable pour Lallana MCILIV 
0, Sergio Aguero saves point for Man City against Liverpool t co qWBMsv vFK LFC Liverpool 
1, Happy birthday Kolo ud c udf t co AKg FNvYu 
0, Milner MCILIV 
1, MCILIV BONUS POINTS AS IT STANDS n n u Toure n u Clichy n u Coutinho
0, Tu fais tirer un p u e no u e Sadio Man u e il a le temps d aller l arr u eater lui m u eame MCILIV 
0, u u u d u a u e u u u u ud d ude t co do tgI IeQ 
1, Liverpool seem to be rocking a nice puff sleeve MCILIV 
-1, Your support is absolutely fucking shit 
0, Que jog u e o X 
-1, WHAT THE HECK is she putting inside n MCILIV n t co J KzBLMe 
-2, Those saying that Lallana miss could cost us Champs League football obviously missed most of our games in LFC 
0, HT Man City Liverpool n nIt somehow remains goalless after minutes t co EpJzSPFppI MCILIV t co AOwtj u 
0, City vs Keraasss ud d udc f ud d udc f 
0, Where s everyone s shooting boots today ud d ude Lfc 
1, good job 
0, IL arrive dans combien de temps le but de Man u e MCILIV 
2, ManCity amp Liverpool drop points n nArsenal is th n nManUnited fans right now n t co setWh XvO 
0, Come on Reds
1, A thoroughly entertaining contest ends with a share of the points ud d udd ud d udd t co h NnHKMg q 
0, It s BoringMilner
0, Here we go ud d udd ud d udd t co cuyNl J 
0, O citou a derrota do LFC pro Bournemouth e a sorte u e que n u e o tenho objetos cortantes no meu quarto premierleaguesonaespn 
-1, MCILIV Inviting ball played into the box but Milner is there to turn it behind with Sterling lurking Still u bd ufe f 
1, Wow getting nothing from this ref MCILIV 
0, Lol
0, Why so many empty seats again MCILIV 
0, delete 
0, Never a penalty Once you get megged like that
0, Come on man city t co am nReDj 
0, mdrrrrrrrrrrrrrr ce match est compl u e tement dingue n MCILIV 
0, Final score ManCity Liverpool 
0, PL ud c uddec ud c udde MAN CITY LIVERPOOL n nGOOOOOOOAAAAAL DE AGUERO n n MCILIV t co ntuDzPU sX 
-1, Penalty shout LFC t co pA N BjnEe 
0, GOAL MCILIV n Milner PEN 
1, A good battle ud d udd ud d udd t co Y qkgJ GG 
1, A very nice game t co nMZQvkUilY 
1, Yes Great shot by Milner Love how Klopp doesn t watch penalty shots lfc 
0, Half TIME LIV MCI n MCILIV 
1, City fans eh johnny come latelys t co iNlX J ogZ 
0, Man City have got Arsenal amp Chelsea next
0, Imagine being a grown up and getting your phone out to film a pen t co AofRfXTgZ 
-1, WHAT THE HECK is she putting inside n MCILIV n t co tiXYe maDw 
-1, what the fuck is this game MCILIV 
1, A good battle ud d udd ud d udd t co Y qkgJ GG 
0, shouldve wrapped up the game b the th minute unstead of these theatrics now 
0, Sports SportsNews RT SkyFootball Klopp can t watch ud d ude Milner s penalty fires LFC into the lead Follow all the u t co hFc nAOw 
0, Back to it n nCome on
0, Weekend Recap United with the points amp now th
0, City and Liverpool finished their who s the shitest finisher in the league PL encounter with a draw lfc mcfc 
1, She s Beautiful n MCILIV n t co EKDrOjaQkF 
-1, WHAT THE HECK is she putting inside n MCILIV n t co br cDWTg 
1, Magnificent game of football could have been all players gave everything and in my opinion that s all you can ask
0, MCILIV n nSiapa lagi pantas kali ini Mane dan Otemandi mengejar bola lolos Dapat ke Mane dan Mane t co mSNgJhDXDM 
0, It has everything but goals so far ud d udd ud d udd t co Qx Otj 
0, FelizDomingo Cr u f nica MCC LFC Los REDS u b sacan un valioso empate de visitante en el City of Manchester y mantienen sus posiciones 
0, MCILIV wt a game ud d udd 
1, Booooom leads MCILIV 
0, WE ARE PENALTYPOOL TRALALA LFC 
-1, This fucking ref Booked LFC players when City players roll around Emre Can gets up after getting studs in his chest Wa u 
0, SECOND HALF City get us under way again cityvlfc mcfc n n ud d udd ud d udd t co VntTklwrT 
0, MCILIV Quelle occasion pour Liverpool A quelques m u e tres du but
0, Here we go ud d udd ud d udd t co cuyNl J 
0,
0, Hasn t been a frantic start Been pure shite so far t co ftdkfGMoes 
1, Great unsolved mysteries n nMH nLord Lucan n TV money nJFK nLucas Leiva still at LFC 
-1, FT ManCity LFC n nMilner s penalty cancelled out by Aguero s late goal n nMore gt gt gt t co j hk ciqMC t co q H lZ L 
0, u a u u u f u u a u u u u u u f u a u SaudiTrendat n cityvlfc n u u a u u a u u u u u u u u u a u u u u u u u u a u f n u u u u u u a u a u u u u u u f u u u u a u u u a n MCILIV u u a u u u a u u u u a u t co DpP uH OWK u 
0, We ve been robbed of a Barcelona PSG here MCILIV 
-1, Five Manchester City players around Oliver after he finally gives penalty FA will presumably charge club for not contro u 
0, HAHAHAHHAHAHAHAH n n t co c hDnlvmFk 
0, COME ON t co ujnR uWFQ 
0, ub ud c ub e uc ube uaca uc MCILIV 
1, If Bravo was in Goal Man City would be goals down by now MCILIV 
0, MCILIV n n S E ATS n EMP T Y n I N n T H IS n ST A DIUM nEXPECTE u 
0, LIVE MATCH Menit 
1, A thoroughly entertaining contest ends with a share of the points ud d udd ud d udd t co h NnHKMg q 
1, Watching this game right now MCILIV t co E FIsRolX 
1, Cool as it gets n nMilner sends Caballero the wrong way to give us the lead from the spot ud c udfaf n n t co FTdiveaaVc 
0, GOOOOOOAL MILNERRRR t co RfdB QSUwY 
0, Oliver will try evening this up you watch LFC 
-1, Me after the Lallana miss n n LFC MCFCvLFC t co eAFyZrpMwJ 
1, A thoroughly entertaining contest ends with a share of the points ud d udd ud d udd t co h NnHKMg q 
0, ud d udcf It s still Man City Liverpool and as we head towards added time u n n u will someone have the final say MCILIV u 
3, Link u f ping winning with goals from Hurtig and Banusic Harder scoring Good things happen when I m at work Now it s your turn 
0, Oops MCILIV t co SjoSMy XPb 
0, foi um bom jogo ambas equipes tiveram chances 
0, mignolet 
2, What are the odds I won a soccer ball and MTN Recharge card for Predicting MUcity vs LFC correctly Madeofblack ud d ude 
0, JM I know CFC
3, Proper men Proper managers Pep and Juergen MCILIV pl Electric pace YNWA 
1, She s Beautiful n MCILIV n t co ne J QjYTM 
1, Not sure why City fans booing ref at half time he s done them some huge favours st half MCILIV 
-1, Five Manchester City players around Oliver after he finally gives penalty FA will presumably charge club for not contro u 
1, Emre Can should have got Man Of The Match he was brilliant Its not very often that happens either ud d udc f LFC 
-1, WHAT THE HECK is she putting inside n MCILIV n t co NzqUWHuxSc 
0, YES MILNER MCILIV 
0, LIVE MATCH ManCity Vs Liverpool Masih Alot di Babak I t co SFuSZ dg viva 
1, Aguero faut toujours qu il nique son dernier geste jsuis mort poteau de De Bruyne la chatte de Liverpool est immense MCILIV 
0, Coutinho shapes up for a yard shot but it soars just over n n t co EM E fc 
-1, vaut mieux zap u e MCILIV match fou 
1, She s Beautiful n MCILIV n t co GaVPc WmRm 
-1, Miss City Livermiss n MCILIV 
0, Itu tolong pawang hujan segera dikaryakan biar bisa berkarya Tq 
0, Credit to Emre Can ud d udc d t co XZRVBE ieW 
0, We rollen gewoon door mciliv C u mon City 
0, It s been a cracking match
0, FT ud d udd ud d udd n nAn absorbing game at the Etihad as the points are shared cityvlfc mcfc t co S XFBiWETa 
1, Man city fans getting salty that their players keep getting caught offside and are blaming the refs makes sense MCILIV PremierLeague 
0, GOAL Man City Liverpool mins James Milner slots home from the spot after Clichy had fouled Firmino MCILIV 
-1, Five Manchester City players around Oliver after he finally gives penalty FA will presumably charge club for not contro u 
-1, What a miss LFC 
0, Sends off for f ck all but this from Yaya Toure is ok Round of applause ud d udc f ud c udffc for Michael Oliver u 
0, We ll take that Could have been more but 
1, Both LFC bookings were soft Oliver has reacted to the theatrics amp not the actual challenge City players don t make it eas u 
0, ManCity e LFC ficam no empate num JOGA u c O Milner e aguerosergiokun fizeram os gols da partida t co gSRALrKhq foto 
-1, Lmao lallana s miss ud d ude ud d ude n MCILIV PL t co d gZcG GG 
1, needs more refs like Mike Oliver MCILIV epl 
1, Can amp Gini superb today LFC 
1, He s not at his best by a long way but
0, Milner scores MCILIV 
1, A thoroughly entertaining contest ends with a share of the points ud d udd ud d udd t co h NnHKMg q 
1, Sergio Ag u fcero Has scored in each of his last five Premier League matches against Liverpool at the Etihad MCILIV 
0, Sunny as ever in Manchester MCILIV 
1, Solid start to the second half n nLallana pulls it back for Sadio
0, Trend Alert MCILIV More trends at t co LZ lSnKin trndnl t co f ONMYben 
0, NOOOO 
0, Manchester City vs Liverpool t co vism ApQ mciliv t co bSJv HUIi 
1, No game again until st April Lucky the wife s Christmas present kicks in with us over to anfield for the derby LFC can t wait countdown 
1, MCFC fans booing James Milner MCILIV t co vtgFGhsmf 
0, GOOOOOOAL MILNERRRR t co RfdB QSUwY 
1, Firminio celebrated to early ud d ude ud d ude LFC n n t co q gLyZ QR 
0, GOOOOOOAL MILNERRRR t co RfdB QSUwY 
0, XI Mignolet
0, When your mate pulls a MCILIV t co Kn tH K vx 
0, MCILIV L u e norme r u e action WTF de Guardiola apr u e s une faute offrant un superbe check avec Klopp ud d ude ud d udc a ud d ude d PL cc u 
0, Live Stream ManchesterCity vs Liverpool n nAndroid ud d udcf HD n t co hXkFmJd n nPc ud d udcbbIOS ud d udcf u 
0, Michael Oliver having an absolute shocker MCILIV 
2, Is it just me or if Can wasn t German had a fancy surname and didn t have a nice haircut he wouldn t get onto our benc u 
0, HAHAHAHAHAHA 
0, Para uno de los comentaristas de nNo hay roja nNo hay penalti nFuera de juego MCILIV 
-1, Another big game where City have dropped points due to poor finishing LFC could ve scored some too Aguero s making it ha u 
0, Never a penalty Once you get megged like that
0, PL ud c uddec ud c udde MAN CITY LIVERPOOL n nTERMIN u c n n MCILIV t co xfIT npCRY 
0, Man City e Liverpool empatam a com golos de Milner e Aguero MCILIV t co yHxQiWINw 
-1, Somehow still haven t conceded MCILIV LFC YNWA t co zjOZSWNBg 
-1, WHAT THE HECK is she putting inside n MCILIV n t co tzROaHg PY 
0, LIVE MATCH Menit 
0, u b Tempo na Espn com e vs n u e o u e s u f exclusivo u e na premierleaguesonaespn 
-1, The ref chooses the worst incident to call a PK Once again LFC is rewarded for MCFCvLFC 
1, Emre Can should really work on his consistency LFC 
0, MCILIV BMGFCB Change D u edaDelHombre ComLulaOSertaoVirouMar DaysToPurposeTourBRASIL n t co UHIPV sqwy 
0, MCILIV L u e norme r u e action WTF de Guardiola apr u e s une faute offrant un superbe check avec Klopp ud d ude ud d udc a ud d ude d PL cc u 
0, City got carved twice in minutes ud d ude ud d ude ud d ude ud d ude ud d ude gameon n MCILIV 
0, Aguero scored nMan City Liverpool n LFC MCILIV 
1, She s Beautiful n MCILIV n t co RCidDB l I 
-1, El Rufai is a threat to Nigeria s National Security Reno Omokri t co TDCAVC xif MCILIV Stephen Odey StarFootballLeague MUFC 
2, If Dunc is pointing it out in our favour it s clearly a pen t co IMKK RtLns 
2, Obviously would have preferred a win but glad we managed to hold onto that point against such an attacking side lfc 
-1, Milner is going to take the penalty MCILIV 
1, A thoroughly entertaining contest ends with a share of the points ud d udd ud d udd t co h NnHKMg q 
0, Milner yes MCILIV 
0, ManCity Vs Liverpool Berakhir Tanpa Pemenang t co y q Qjsc U bola t co mBPObfwqA 
-1, Tha miss from Lallana nToo much Nivea cream on his boots ffs n LFC 
0, LFC knows the score u ufe f ud d udca ud d udc ud c udffb t co NXYACO y 
0, Don t start celebrating until you see the bill in the net MCILIV Reds Lallana 
1, Aguero His first vs a top side this season MCILIV 
-1, Not a bad performance and result but lallana had to score that LFC YNWA 
0, u u e u u u u u u u u c u u f t co WdEim P BI 
-1, Lallana playing that poorly infront of goal is a hazard to my health But I can t take away the warrior s work rate tonight MCILIV YNWA 
0, Check out LFC Liver Bird Engraved Acrylic Plastic Keyring Fob t co BvvcsV YfS 
-1, Let s kill this game cmon redman LFC 
0, lfc lah 
0, t co RZ PviKlr Mr Oliver Liverpools no fan ManCity Liverpool MCFCLFC MCFC LFC 
-1, How is this match still n nSterling amp Fernandinho go close for MCFC before Firmino is denied for LFC u 
0, Played
0, Makin keras bung MCILIV YNWA 
0, It s BoringMilner
0, All of James Milner s goals this season has been by penalties MCILIV 
0, FT ud d udd ud d udd n nAn absorbing game at the Etihad as the points are shared cityvlfc mcfc t co S XFBiWETa 
1, MCILIV is this hashtag Roman numerals for when Liverpool last won a major domestic title 
1, FIRMINO GOING OFF TO SLIDE IN FRONT OF THE LFC FANS THEN LOOKS BACK HAHAHAHA n n t co x JRSUnZpd 
1, FIRMINO GOING OFF TO SLIDE IN FRONT OF THE LFC FANS THEN LOOKS BACK HAHAHAHA n n t co x JRSUnZpd 
1, Emre Can was MOTM all day long Referee bottled it Yaya and Silva should have went Great performance LFC WeGoAgain 
0, MCILIV je pense qu il y a une erreur Ce chiffre n existe pas 
0, So close n nRoberto races through but his shot is saved n n t co pFAQxRy eV 
-1, Penalty pour Liverpool MCILIV 
0, Paddypower football nufc n lufc afc n PremierLeague mufc LFC n MCFC AVFC Spurs EFC nBet u a Get u a nClaim gt u 
0, ud d udcf No shortage of excitement at the Etihad but it s Man City Liverpool u somehow mins MCILIV t co skmGU u 
0, t co CZVQHu kYR n n excaja n n azado n nFeyenoord n n gaezwo n n mciliv n n TrBinda n nCoolsingel n nBiesbosch n nVilhena n nChuck u 
1, Good YahyaToure came off He looks absolutely knackered MCILIV BPL 
0, gol de Milner LFC 
2, Watching in the morning AND going to the match today Pretty much my perfect day BlueMoon SkyBlueSeaGreen 
-1, We are just a ball of mess in front of the city post MCILIV LFC 
1, Fair result City lfc with both sides missing sitters ynwa 
0, GOOOOOOAL MILNERRRR t co RfdB QSUwY 
0, Full Tim Man City Vs Liverpool t co QFteouScFv 
0, Why is Koloa looking away ud d ude ud d ude MCILIV 
0, mt elgon kang anga nategea KarakanaYaSoka 
0, It s honours even at the Etihad
0, GOOOOOOAL MILNERRRR t co RfdB QSUwY 
-2, Firmino frustrates the shit out of me LFC 
3, lfc keep this up and a goal will come tough team tough venue not so tough last fixtures we can do this 
-1, WHAT THE HECK is she putting inside n MCILIV n t co lG OsUPuVe 
1, Yo one more to win come on city 
1, She s Beautiful n MCILIV n t co yRkGEdgrsV 
0, Joe Scarborough t co j p YszqoJ 
0, Kun Skulle hatt straffe i f u f rste Gir seg ikke i dag Nydelig scoring fortjent MCILIV 
0, col culo che hai far u e autogol ud d ude 
-1, Draw please draw you both shit just draw MCILIV 
0, My nerves are shredded but would have took a point beforehand so on we go LFC 
0, Goal u u a AGUERO nAssist u u a DE BRUYNE n nMan City Liverpool mins MCILIV FPL 
-1, WHAT THE HECK is she putting inside n MCILIV n t co xaBH Is pL 
0, Lallana you ve got to be joking me ud d ude ud d ude MCILIV 
-1, Unlucky
0, MCILIV And a Yellow card for Gael CLICHY Milner to take u bd ufe f 
0, Goal let go City mcfc CmonCity MCILIV PremierLeague 
1, On reviendra sur cette folie de City Liverpool dans la semaine Fav pour recevoir l article MCILIV 
0, Game of the season t co IEU v V 
0, Draw go pap ruff n MCILIV 
0, u a u b u a u ed u a u u u a u u u n MCILIV 
1, Betvictor New Custom nBet u a Get n football golf EPL SFC n LFC mufc MCFC AFC nEntry k Golden Goal Claim gt u 
0, Why is Oliver still allowed to referee MCILIV 
-1, WHAT THE HECK is she putting inside n MCILIV n t co C ARPoXyn 
1, DeBruyne das Schlitzohr fast mit nem Tor n n LFC YNWA MCFCvLFC 
0, It s BoringMilner
0, ni caballero tumben u b an maen nya segeh kek gini bisa u b kang brapo makin lamo jdi paangek saluang di bangku cadangan nih ud d ude MCILIV 
1, Liverpool fans looking at Adam Lallana MCILIV t co vgIEkD ONT 
1, A good battle ud d udd ud d udd t co Y qkgJ GG 
-1, Unbelievable how its still MCILIV 
0, Tough call Very clumsy u b challenge but the defender got the ball first Ref maybe trying to atone for first half blunder MCILIV 
1, Kevin De Bruyne Has registered assists in the Premier League this season
0, Coutinho shapes up for a yard shot but it soars just over n n t co EM E fc 
0, Entertainment
0, GOAL Man City Liverpool mins James Milner slots home from the spot after Clichy had fouled Firmino MCILIV 
0, LFC v Man City
0, where tf is woodburm btw MCILIV 
1, MCILIV so much at stake City on top in game that is no classic so far more tale of missed chances t co lX zAnn f 
1, Lallana won t sleep for a few nights MCILIV t co PCvfREBwaa 
0, Gimmefive ud d udc b ud c udffb Guardiola Klopp cityvlfc MCILIV LFC MCI t co u HuD aTW 
0, He didn t tho u retarts
-1, Fuck t co rSWsPiwsy 
1, Games left vs top nChelsea nMan U nMan City nArsenal nSpurs nLFC nAT LEAST points to be dropped here 
1, FIRMINO GOING OFF TO SLIDE IN FRONT OF THE LFC FANS THEN LOOKS BACK HAHAHAHA n n t co x JRSUnZpd 
0, When was the last time we scored from a corner LFC 
0, u u b a u bbf u bb u ba u bbf u bae u bbf u b f u b a u ba u bcd u ba u bcb u bb u b u bcd u b u bb u bcd n u MCILIV n u a RisingStarRedCarpet n u b MirchiMusicAwards n u c PlayForACause 
0, Here we go ud d udd ud d udd t co cuyNl J 
0, GOAL LIVERPOOL MadeOfFootball MCILIV 
0, MCILIV Quelle occasion pour ManCity Frappe de San u e repouss u e e par Mignolet Silva suit mais envoie son tir u 
-1, misses everywhere in this game lfc 
-1, Mane motm Been quite poor for me lfc 
0, Klopp
-2, Utterly shocking t co P HViY X c 
1, FIRMINO GOING OFF TO SLIDE IN FRONT OF THE LFC FANS THEN LOOKS BACK HAHAHAHA n n t co x JRSUnZpd 
0, two clear penalties not given worst ref of all time lfc 
0, how many seasons has he been at liverpool 
-1, Oh tiens un penalty pour Liverpool ud d ude MCILIV 
0, What a game of football MCILIV 
1, It s good to talk The phone lines are open We are on air with amp straight after MCILIV t co lb OZtaCtS 
0, u u u u u u u u f u u u a u u u u u u u a u u u 
0, Hapa VIP Kwa ma LEGENDS TECNOxMCFC t co txRrwQ x V 
0, Get in Come on you Redmen LFC 
0, Come On Liverpool 
-1, It s awful t co SFEq lJ Gi 
-1, WHAT THE HECK is she putting inside n MCILIV n t co fSPqpUx te 
0, Semoga hasilnya imbang biar makin nyaman di puncak Mci vs Liv MCILIV SuperSoccerTv CFCIndo EPL 
5, This MCILIV is a great game of football and like all great games best enjoyed while you re drunk and don t care who wins 
1, I swear Liverpool must have the highest penalties awarded this season MCILIV 
0, WBD Top Trends Russia ud c uddf ud c uddfa Mar KRAT n u u u d u u u u u u u d u u b n Change ud c udf n u u a u u u u n u u a u u u u n u u u u u a u u u a u n MCILIV ud c udf n u f u u e u u u u u n n t co DVmT NfYxF 
-1, Penalty to LFC Goal to Liverpool Milner 
1, I love you u YNWA 
0, pls don t bottle lfc 
-1, Yaya Toure slides in and catches Emre Can in the chest n n That has got to be a red card Savage n n MCILIV u 
0, ud c udfa What a game that was LFC t co Z So nRqgM 
1, I think i prefer Mark Clattenberg to Michael Oliver ud d ude ud d ude MCILIV 
2, Reliable as you like LFC u bd ufe f ud d udd u aa ufe f 
0, Origi on for Coutinho LFC 
1, She s Beautiful n MCILIV n t co eHUOksKewY 
-1, WHAT THE HECK is she putting inside n MCILIV n t co KEjgEGSk k 
0, Come on City
0, Who missed the better opportunity MCILIV 
0, Hopefully the second half has a goal or for the Reds LFC t co O y aw fH 
0, ud d ude ud d ude members of the th estate akina arsenal t co vcjCUEmNFb 
2, Best possible way for Milner to silence the boo boys LFC lead at the Etihad
0, Eh eh ehhh
1, Solid start to the second half n nLallana pulls it back for Sadio
-1, WHAT THE HECK is she putting inside n MCILIV n t co I OQGvATC 
1, Come on boys let s get this win 
3, I thought both Gini amp Can were immense for LFC today We saw the best of Can he looks fitter amp stronger 
2, Jurgen Klopp We could have won u we forced the keeper to make outstanding saves A point away to Man City
-1, Penalty shout LFC t co pA N BjnEe 
-2, Haters will say I m listening to MCILIV game pale Kiss FM n nnp Distance n nOmarion 
-2, Next season if Firmino plays Striker we riot Smh SOOO WASTEFUL Dissapointed ud d ude ud d ude LFC MCILIV 
1, And we re under way at Etihad Stadium for MCILIV n nBut which manager will be smiling at the final whistle t c u 
-1, WHAT THE HECK is she putting inside n MCILIV n t co lZ yHYjIIb 
0, GOOOOOOAL MILNERRRR t co RfdB QSUwY 
0, AG u dcEROOOOOOOOOOOO n MCILIV 
1, Need to keep winning
0, HT All things considered
0, FutbolTotalDIRECTVBacca Otro vez corner para el 
0, It has everything but goals so far ud d udd ud d udd t co Qx Otj 
2, Thank you mr Oliver soft pen mciliv 
0, They ve called it a full house at the Etihad today MCILIV t co UuNtgAmthu 
0, Klavan having his customary mare LFC 
0, u u u u u u u u u u u u u a u c u u a u u u u u u u u u u u u u u a u u u u f u u a u u f u u a u u TheVioceKids MCILIV u u u u u u u u u a u u u u u u u a u a u a u u a u u u u u Mesaza u t co WySzGAUcKd 
0, Oh that ll another pen and red Yaya
0, u a u u u f u a u u u u u u u u MCILIV t co UiLPA uhBs 
1, That ll do nicely lads 
0, Live HD Stream Manchester City vs Liverpool n n t co tcln rEuwG u u n nsupport all devices n n cityvlfc mcfc u t co bB ufXZynv 
1, Yes Great shot by Milner Love how Klopp doesn t watch penalty shots lfc 
-1, Penalty shout LFC t co pA N BjnEe 
1, Firminio celebrated to early ud d ude ud d ude LFC n n t co q gLyZ QR 
0, u u a u u u u u a u c u a u u f u u b u u u a u u u u a u a u a u c u u u u u u u u u MCILIV 
-1, Penalty shout LFC t co pA N BjnEe 
0, It has everything but goals so far ud d udd ud d udd t co Qx Otj 
0, Dugarry pointe du doigt la lenteur des d u e fenses de ManCity et Liverpool u c a fait parfois peur u e voir ud d ude c u bd ufe f ud c uddec ud c udde u t co avsxM gh y 
1, She s Beautiful n MCILIV n t co ca jEpbmTb 
-1, MCILIV Sagna s parents need a slap for not making his first name La 
0, Eh eh ehhh
0, When you both leave the match with a point each MCILIV t co vm FIMwtRF 
-1, That guy don t miss from yards u bd ufe f ud d udca LFC 
0, A class act LFC MCILIV cityvlfc Milner t co XBoGzdWLCy 
0, ud d udd u ufe f n u b ufe f u bd ufe f ud d udd n MCILIV t co RsiD Zwkze 
0, Manchester City v Liverpool n nLive On Hd Stream all devices n n t co cHgMxen rm n t co cHgMxen rm n nRetw u 
-1, Come on City Keep attack t co xHvXjdpO w 
1, Firminio celebrated to early ud d ude ud d ude LFC n n t co q gLyZ QR 
1, LFC Interesting start at the Etihad Stadium n nPlenty of pressing from the Reds
0, u MCILIV n u Milner n u a Michael Oliver n u b Sterling n u c TOTSOU n n GMT trndnl t co do Hdxwcnc 
0, Yesss Millyyyy LFC u ufe f u ufe f 
1, A look at the League Table and you know we needed to win this match Honestly
1, Paddypower new Custom n football EPL SFC LFC n Sun n Middlesbrough v manutd nMan United enhanced to Claim u 
-1, This game was hard to watch for a fan of either team MCILIV 
0, I think we can nick this LFC YNWA 
0, La r u e ponse MAGNIFIQUE de Guardiola sur son style de jeu en PL ud d ude ud d udd ud c uddec ud c udde L enqu u eate de Transversales ici u a ufe f u 
-1, Five Manchester City players around Oliver after he finally gives penalty FA will presumably charge club for not contro u 
0, MCFC LFC EFL Match Report n nSergio Aguero cancels out Milner penalty in thrilling draw u t co khiYunC d 
0, 
0, Mane is jokes LFC 
0, come on lads 
1, She s Beautiful n MCILIV n t co EKYxYj ZGj 
-1, Look at the state of that ground ud d ude seriously where is everyone ud d udca ud d ude ud d ude embarrassing much MCILIV TRAMPDERBY 
0, Back to it n nCome on
0, You could see that coming it s all over LFC 
-1, To all the LFC supporters who are nervous don t be YNWA LFCFamily MCILIV 
0, GOAL MAN CITY LIVERPOOL Aguero
-1, Penalty shout LFC t co pA N BjnEe 
-1, MCILIV BUT POUR LIVERPOOL Milner transforme le penalty et lance parfaitement cette e MT 
1, MCFC Tweets Good to see you ud d udd ud d udd t co qFAEcj L x t co HsSHsWl lB 
0, Dropping far too many points at home
0, ud e udd ud c udffd u d u ufe f ud e udd ud c udffd u d u ufe f ud e udd ud c udffd u d u ufe f t co k sNm jR 
0, Liverpool fans after that miss MCILIV t co NWkblub p 
0, FT ud d udd ud d udd n nAn absorbing game at the Etihad as the points are shared cityvlfc mcfc t co S XFBiWETa 
0, Liverpool fans after that miss MCILIV t co NWkblub p 
0, t co h KD XZdH LFC Cualquiera de los dos podr u eda ir ganando pero hasta el momento no se abre la lata 
0, Goal 
-1, It s just a goal Nothing to worry about Been here before
0, It s BoringMilner
1, Interesting start at the Etihad Stadium n nPlenty of pressing from the Reds
1, James Milner Has now scored seven goals in the Premier League this season
1, FIRMINO GOING OFF TO SLIDE IN FRONT OF THE LFC FANS THEN LOOKS BACK HAHAHAHA n n t co x JRSUnZpd 
-2, Awful start by Just very erratic approach so far No rhythm at all 
0, D u e couvrez le Jardin M u e morial de l Etihad Stadium u e ManCity amp la grande tradition des supporters anglais ud d ude f u bd ufe f ud c uddec ud c udde u 
0, SELECCIONADOS u a Gol de El Kun empata las acciones ante el Liverpool t co agpy vTAW 
0, It s honours even at the Etihad
1, Great game should ve been n midfield superb amp front a defenders nightmare n MCILIV 
1, Pure beast
1, A good battle ud d udd ud d udd t co Y qkgJ GG 
2, Absolutely stunning game of football Could ve been better for LFC
-1, WHAT THE HECK is she putting inside n MCILIV n t co knmdW jT 
0, Baseline Karakanayasoka 
-1, WHAT THE HECK is she putting inside n MCILIV n t co YsX ep PHM 
0, watching ManCity hopefully beat liverpool t co FwOL qImnm 
-1, ud d ude ud d ude ud d ude ud d ude Malana What a miss Lol ujimile kodwa lomfana ud d ude ud d ude ud d ude c u bd u bd EPL ManCity Liverpool 
0, u e u e u e d u e b u e u e f u e u e c u e u e u e u e u e b u e u e u e u e u e MCFC u e u e u e u e u e u e a u e LFC u e u e u e u e b u e u e PL GoalThailand u e f u e u e u e a u e d u e u e u e u e u e u e b u e u e u e u e u e t co T bdQ d PA 
0, Great game We missed so many chances ud c udf n MCILIV YNWA 
-1, Deux penalty non siffl u e s pour City ud d ude ud d ude ud d ude MCILIV 
2, It seems like Fernandinho likes watching the match from outside
-2, MCILIV Adam Lallana Unbelievable Miss Manchester City vs Liverpool t co adcMBv Sa 
0, PL nFT u e u e u e u e u e a u e a u e u e u e d u e u e c u e b u e u e u e u e u e u e u e u e u e d u e u e c u e e u e u e n u e a u e u e d u e u e c u e a u e d u e u e a u e t co ZxAuCDGwgP t co Oc hEB PIe 
0, COME ON t co ujnR uWFQ 
0, Watching beat t co ZP to VcHr 
1, Why are fans booing Milner 
0, Weekend Recap United with the points amp now th
0, That s what you get for booing James Milner
0, GOAL Man City Liverpool mins James Milner slots home from the spot after Clichy had fouled Firmino MCILIV 
0, ud d ude a t co uspIqPzyEm 
-1, What What Kloop says Me too Sure penalty lfc 
0, More than happy to take a FF battering and have a scoreless game MCILIV 
0, Hujan dah mulai reda tpi lapangan masih licin MCILIV 
0, cityvlfc n Can t wait to watch LFC n Satan 
0, u a u u u u a u u f u a u u u u u u u u u u u a u u u u u MCILIV t co Loxr P csS 
0, Aguero pulls one back for City MCILIV 
0, Milneeeeerrr GOOOOOOOAAAALLL MCI LFC MCILIV YNWA 
1, MOM MCILIV for me was Emre Can Ruled the midfield like a boss MCILIV 
1, Firminio celebrated to early ud d ude ud d ude LFC n n t co q gLyZ QR 
1, MCILIV Trying to figure out why city fans are booing Milner t co nrLUhcIvMl 
1, She s Beautiful n MCILIV n t co qN S UR TJ 
0, ud d udcaa t co rqITvMnIr 
0, Niyanya Nina 
-1, klavan at fault for aguero s goal 
0, NEXT UP MCFC host LFC minutes until kick off Watch on Sky Sports HD or follow t co YZoWmpCnZ u 
0, The Week Diet Plan Review nFREE Trial OFFER t co VFDK K pE n n SundayMorning LAMarathon FakeMarchMadnessFacts nMike Hopkins MCILIV 
-1, Yes yes just one more min to go nervous t co WeZFMWV U 
0, MCILIV Battle of snakes n nSterling vs Milner ud d ude ud d ude 
1, A solid shift from both sides ud d udd ud d udd t co exgNGruQ y 
-1, WHAT THE HECK is she putting inside n MCILIV n t co bXOpqUDEai 
0, gameplay laju nk mampos
0, A draw against LFC One of the proudest days of his managerial career
-1, Fuuucking hell MCILIV 
1, Fair result ManCity 
0, It s been a rain soaked battle so far u ufe f t co RGiClUqWhK 
1, And we re under way at Etihad Stadium for MCILIV n nBut which manager will be smiling at the final whistle t c u 
0,
0, Eh eh ehhh
1, As a Chelsea fan thank you for the draw Dankie san 
-1, Battle cry t co T PjbpTcbx 
1, Quality match Could had been any score line One of the best performances by Emre Can I ve seen MCFCLFC LFC 
0, How boss is milner do tha to the snake LFC 
0, LFC The Reds look for a swift response but Firmino s drive crashes into the side netting n n t co DaoB IkzfM 
0, haha c est n importe quoi MCILIV 
0, Liverpool vs Manchester City Player Ratings MCILIV Let me know your player ratings n n t co DXLYFRLoQM 
0, No fan can never again say that they sell out their games That s a shameful attendance for such an important game 
0, Eh eh ehhh
1, Tell em to stop bottling clear chances 
0, FT n nSpectacular match ud d udc f t co UIwgIg Tne 
0, LIVE MATCH ManCity Vs Liverpool Masih Alot di Babak I t co AwhpzAFGe 
1, Mmmmm here we go Transparent ud d ude t co zLU lsa wH 
0, Paddypower football nufc n lufc afc n PremierLeague mufc LFC n MCFC AVFC Spurs EFC nBet u a Get u a nClaim gt u 
0, brazilian combination LFC 
0, u u b a u bbf u bb u ba u bbf u bae u bbf u b f u b a u ba u bcd u ba u bcb u bb u b u bcd u b u bb u bcd n u RisingStarRedCarpet n u a Play For A Cause n u b RSMMA n u c MCILIV 
1, FIRMINO GOING OFF TO SLIDE IN FRONT OF THE LFC FANS THEN LOOKS BACK HAHAHAHA n n t co x JRSUnZpd 
1, Only one team winning this and it s not 
1, Any Man City fans
0, u n n t co iS RaWtNF 
1, mancity need to buy fans n legends summer ud e udd MCILIV 
0, u n n t co iS RaWtNF 
2, Jurgen Klopp We could have won u we forced the keeper to make outstanding saves A point away to Man City
-1, Did you donate your balls to Charity TF is wrong with yall 
1, The games between Klopp and Guardiola are the most entertaining encounters in world football mciliv 
2, this is easy to win mcfc 
1, She s Beautiful n MCILIV n t co RCidDB l I 
0, ud d udcf James Milner makes it ufe f u e out of ufe f u e from the u aa ufe f this season n nIt s Man City Liverpool mins MCILIV u 
0, Ramalan abang Man city menang mudah dengan Liverpool n nMancity Liverpool n n k Atas meja 
0, We re back under way at the Etihad n nWill it be Klopp or Guardiola who shows everyone who s boss MCILIV t co u 
0, Can we wake up lads MCILIV 
0, ud d ude Acho que o mascote gostou da Muito carisma nSIGA x AO VIVO e EXCLUSIVO na ESPN e WatchESP u 
0, Seru
0, Mais Lallana t as pas le droit s u e rieux SFRSport MCILIV 
1, It s been a fine first half
0, Gooooooaaaaaaalll LFC MCILIV 
0, COME ON t co ujnR uWFQ 
-1, I am the only one who thought LFC was shit 
0, LIVERPOOL LEAD nMilner slots home a penalty for the Reds n 
0, It s honours even at the Etihad
1, I still Love you Liverpool u ufe f u ufe f u ufe f LFC 
0, on cue Clyne does a Clyne n MCFCvLFC 
2, India in pole position with Aussies ManchesterUnited won MCILIV draw Louisville lost Hoping for a UK win to make it a perfect day 
0, Sickner
1, don t get too excited my boy went the darkside to Utd at about after watching LFC with me loads till then ud d ude x 
2, Good point for Liverpool Could have won it with Firmino amp especially Lallana but hanging on for last minutes LFC 
0, karakanayasoka kinangop ndaaaaani kabixaa 
3, u e u e Points LFC have won in games against the top six this season n n u e u e Points LFC have won in games a u 
1, Unbeaten against the Top n nYou have got to hand it to us n nBig team and even bigger heart LFC 
0, Wijnaldum ud d ude d ud d ude d n MCILIV 
0, I wish our Brazilians were on form Nothing of of note for months Swansea apart for Firmino LFC 
0, MCILIV L u e norme r u e action WTF de Guardiola apr u e s une faute offrant un superbe check avec Klopp ud d ude ud d udc a ud d ude d PL cc u 
0, GOOOAAAL KUN AGUERO MCILIV t co L eTCr sSD 
1, She s Beautiful n MCILIV n t co DEcSBZniFf 
1, Liverpool fans looking at Adam Lallana MCILIV t co vgIEkD ONT 
1, Did not wish Yaya Toure on his birthday this year as well nHe seems to be in MainNahinKhelta mode n MCILIV 
0, GOAL Man City Liverpool mins Sergio Aguero latches on to a low De Bruyne cross to fire past Mignolet MCILIV 
0, ud d ude ud d ude ud d ude ud d ude d Clichy MCILIV 
0, Penaltypool t co UfywG M 
0, Left back t co LjXlJq oxY 
0, literally t co BGBcadF ji 
-1, Five Manchester City players around Oliver after he finally gives penalty FA will presumably charge club for not contro u 
1, Don t forget to click here to browse awesome LFC merchandise on Amazon t co tr zbypSb t co ZKZH B e t 
0, t co e Dli GXv n n MyBaselineIs n COYS n MCILIV n CNNSOTU n makeafilmsosad n UnitedNYCHalf n FlowerReport 
0, GOOOOOOAL MILNERRRR t co RfdB QSUwY 
0, Kampen Manchester City Liverpool er startet F u f lg kampen her t co TO UgeRZ u mcfclfc pldk mcfc lfc 
2, Jurgen Klopp We could have won u we forced the keeper to make outstanding saves A point away to Man City
1, FIRMINO GOING OFF TO SLIDE IN FRONT OF THE LFC FANS THEN LOOKS BACK HAHAHAHA n n t co x JRSUnZpd 
0, It s BoringMilner
2, Only barca fans will understand this nThey played well nFinishing cost them so much t co h TliI Vk 
0, Il croque
0, AAAAAAAAAAAAAA MCILIV 
-2, Milner tucks the penalty away after getting abuse all game LFC t co XZR X Pl 
0, Imagine if we had a clinical striker
1, ManCity fouls Cards nLiverpool fouls Cards n nseems fair 
-1, WHAT THE HECK is she putting inside n MCILIV n t co tzROaHg PY 
2, Fascinating to watch MCFC v LFC Great game of soccer football 
0, It s honours even at the Etihad
-2, Penalty Liverpool shock MCILIV 
0, I can t watch this game again ud d ude ud c udffd u d u ufe f ud d ude ud d ude MCILIV 
1, Firmino leads the line today ud d udd t co JsGEohDkB 
1, What would be the best result for United MUFC MCFC LFC 
-1, RT BMRisingTV Remember LFC hate Sterling because he reminded them they re not a big club anymore 
0, Fuck we atleast deserved a win MCILIV 
1, Emre Can is playing superb MOTM so far for me LFC 
0, Vc ta de brincation with me 
0, I would always give that as a pen High boot endangering Firmino MCILIV 
0, Madness nThunderous nPhysical n n attempts to sum up a thrilling draw between MCFC and LFC u 
0, manCity saved by a Willy ud d ude ud d ude ud d ude MCILIV 
0, That s what city get for booing him ud d ude d ud d ude LFC 
0, u e u e u e u e b u e u e u e u e u e u e u e u e u e u e u e u e u e u e u e u e u e u e e u e u e u e u e u e u e u e u e u e u e u e u e u e LFC LFCThai 
0, MSOLOKOMBOOOOOOOOOOOOO 
1, Cool as it gets n nMilner sends Caballero the wrong way to give us the lead from the spot ud c udfaf n n t co FTdiveaaVc 
0, Fellaini ud e udd u ufe f nYoung assist u ufe f nLingard ud e udd u ufe f nValencia ud e udd u ufe f n st team to reach PL Wins u ufe f n nARS lost u ufe f nLFC drop points u ufe f u 
0, What a ball that was mind Turned it on when he needed to there Could go either way this now AttackAttackAttack DeBruyne MCILIV 
0, Can and Gini were brilliant Rest were ok Coutinho honestly has me worried Can t remember his last absolute stormer L u 
-1, Five Manchester City players around Oliver after he finally gives penalty FA will presumably charge club for not contro u 
0, Agueros volley MCILIV t co jWqhxKZl o 
1, Fernandinho is a great Holding Midfielde n n MCILIV 
0, Michigan Clichy EnLaTercera LAMarathon Mesaza DFCOASSE MCILIV n t co yD LDb K l 
1, Finely balanced affair so far almost catches Mignolet out with a fierce cross from the left u 
0, The game will end with or players MCILIV YNWA 
-1, WHAT THE HECK is she putting inside n MCILIV n t co knmdW jT 
0, Here we go ud d udd ud d udd t co cuyNl J 
0, chyba ManCity 
2, Good point LFC Take that all day Great game of football u bd 
1, Top n Alex Harvey n SundayFunday n Cam Braes n MCILIV n MyRetirementPlanIs 
1, She s Beautiful n MCILIV n t co yRkGEdgrsV 
1, FIRMINO GOING OFF TO SLIDE IN FRONT OF THE LFC FANS THEN LOOKS BACK HAHAHAHA n n t co x JRSUnZpd 
0, ud d udcf Sergio Aguero celebrates Man City s equaliser against Liverpool n nIt s with mins remaining MCILIV t c u 
0, Lallana
0, La r u e ponse MAGNIFIQUE de Guardiola sur son style de jeu en PL ud d ude ud d udd ud c uddec ud c udde L enqu u eate de Transversales ici u a ufe f u 
0, Huge chance s for City
0, FT ud d udd ud d udd n nAn absorbing game at the Etihad as the points are shared cityvlfc mcfc t co S XFBiWETa 
0, Finisce in parit u e all Etihad
-2, Yellow for Toure after a terrible foul on Can LFC 
0, For gods sake come on 
0, What a way to take in What s your PLonNBC setup t co Lhc FiwkkG 
1, GOAL City are level Great ball in from De Bruyne and there s Aguero to make it five goals in five home league gam u 
-1, Lallana has got himself what is undeniably the miss of the month so far 
1, The better SAS n nSturridge amp Suarez nOr nSterling
1, is right
-1, WHAT THE HECK is she putting inside n MCILIV n t co ef paptj 
0, Eh eh ehhh
2, How good is this game by the way Two attacking teams going for the win You hardly ever see it in football anymore u 
0, LIVE MATCH ManCity Vs Liverpool Masih Alot di Babak I t co BAqA BeI t co BMppPj jk 
0, Sport weekend Man City vs Liverpool Come on football 
0, Sends off for f ck all but this from Yaya Toure is ok Round of applause ud d udc f ud c udffc for Michael Oliver u 
2, Aguero wins free kick n PLFans n MCILIV 
-1, Agueros had a shit game Scored one
-1, Yes How the fuck did that stay out LFC 
3, Betfred Best Offer RugbyLeague n mufc MCFC LFC WBA nBetfred Welcome Offer nBET u a GET u a nin bonus funds Claim gt u 
0, lfc have had penalties in the league this season
1, LFC how can Sky not mention Toure right foot ft off floor into Can chest If that s our player he s off 
0, It s BoringMilner
1, Great game should ve been n midfield superb amp front a defenders nightmare n MCILIV 
0, ud d udcf Sergio Aguero celebrates Man City s equaliser against Liverpool n nIt s with mins remaining MCILIV t c u 
-2, Fucking Shit 
0, It has everything but goals so far ud d udd ud d udd t co Qx Otj 
-1, WHAT THE HECK is she putting inside n MCILIV n t co nDsJXMme x 
1, happy n mciliv t co vC yaTQH 
0, do something uglies 
0, Two good attacks
0, GOOOOOOAL MILNERRRR t co RfdB QSUwY 
-1, He never changes Jurgen Klopp when Milner took the penalty lfc t co qNJ zTazzn 
0, Sterling MCILIV lmao t co qg Ct nQB 
0, FT ud d udd ud d udd n nAn absorbing game at the Etihad as the points are shared cityvlfc mcfc t co S XFBiWETa 
0, GOAL Man City Liverpool mins Sergio Aguero latches on to a low De Bruyne cross to fire past Mignolet MCILIV 
0, Liverpool need to keep the energy levels up Man City will be show the effects of a midweek game in the second half n LFC COYR u 
0, t co q w w Qa LIVE MATCH ManCity Vs Liverpool Masih Alot di Babak I Kedua tim bertemu di u t co uteUDueuG 
0, u u b u u u u u u u u u u n n u u a u u u u u u u u u u u a u u u a u a u a n u a u u f u u u u a u a u a MCFC n u u a u u u u u LFC t co i y IjI 
-1, WHAT THE HECK is she putting inside n MCILIV n t co SqxeeHwQnr 
0, Big twenty minutes to come ud d udc a ud d udc a t co gsJBuMAm f 
0, hoho t co pqaKJgcKYD 
1, GOAL Manchester City Liverpool Sergio Ag u fcero always scores against Liverpool at the Etihad Great game this u 
0, Betvictor New Custom n EPL EFC AFC nBet u a Get u a n football golf n LFC MCFC mufc nEntry k GoldenGoal Claim gt u t co TabKcwfT 
0, We need to score lads LFC 
1, A thoroughly entertaining contest ends with a share of the points ud d udd ud d udd t co h NnHKMg q 
0, JANGAN KASIH KENDOR
2, Well played from these City fans ud d udc f ud c udffc ud d udc f ud c udffc n LFC MCILIV t co qON QtDOAD 
0, FT Man City Liverpool n nAnd breathe n nIt ends all square What a game t co EpJzSPFppI MCILIV t co Odn u 
0, Celebrations LFC MCILIV cityvlfc Milner t co VSixRrVff 
1, FIRMINO GOING OFF TO SLIDE IN FRONT OF THE LFC FANS THEN LOOKS BACK HAHAHAHA n n t co x JRSUnZpd 
0, u u u u u u c u u u u u a u u u u u u a u a u a u u u a u u u u u u a u u a u u a u u u u a u u u f u u u u u a u c u u u a u u f u u u u b u u n n MCILIV t co NJEEltcs 
-1, Another Penalty shout LFC t co wXxM r YA 
0, why can t you ever finish nwhy just WHY n MCILIV mcfc 
1, Cool as it gets n nMilner sends Caballero the wrong way to give us the lead from the spot ud c udfaf n n t co FTdiveaaVc 
0, Keep working ud d udcaa t co X y EM ADg 
0, What a frantic game with some sublime attacking play ud d udd u bd ud d udc f ud c udffb t co yX s M 
0, I see a red card making an appearing in this game MCILIV 
0, LigaPremierTD Al u a Atajad u f n en un mano a mano ante 
0, Aguero equalizes MCILIV 
0, Gary Neville in regards to it being a deserved pen Yes it was stfu Coyr 
2, Best possible way for Milner to silence the boo boys LFC lead at the Etihad
0, KarakanaYaSoka Goooal anakiramba kimia Penanti sasa ni t u 
0, MCILIV Ce match prend compl u e tement feu ud d udd ud d udd ud d udd Gros temps fort de Liverpool
1, V are will there be a gole in the last mins how do you think will win win lose draw 
-1, WHAT THE HECK is she putting inside n MCILIV n t co KEjgEGSk k 
0, Can t say it wasn t coming LFC 
0, Missing alot of chances ynwa n MCILIV 
0, Klopp can t watch ud d ude Milner s penalty fires LFC into the lead Follow all the action LIVE on Sky Sports HD now u 
0, It s BoringMilner
0, A draw is better than a loss but Lallana
0, ud d udcaa t co isvbHVCSvZ 
0, FT Brillaint game n n ManCity Liverpool n nread allabout it
0, Goal u u a AGUERO nAssist u u a DE BRUYNE n nMan City Liverpool mins MCILIV FPL 
3, So close to capping off a great move n nA deft chip over the top is met by a Firmino pull back
1, It s the same every time Michael Oliver referee s a game Can t understand why he was given a game like this MCILIV 
0, Make that ufe f u e mcfc t co aAn jwLXs 
0, ud d udcf Sergio Aguero celebrates Man City s equaliser against Liverpool n nIt s with mins remaining MCILIV t c u 
-2, MCILIV Adam Lallana Unbelievable Miss Manchester City vs Liverpool t co adcMBv Sa 
0, De bruyne has taken his foot off the gas for quite some time
1, Both LFC bookings were soft Oliver has reacted to the theatrics amp not the actual challenge City players don t make it eas u 
1, Wow Lallana you absolute ud e udd MCILIV 
0, The hook did it for Firmino MCILIV 
0, nd half underway COYR LFC 
0, GOAL MILNER n n n n LFC MCILIV 
-1, WHAT THE HECK is she putting inside n MCILIV n t co fzN bQz mj 
0, Come on City
0, You know Michael Oliver s having a shit game when GNeville says liverpool bookings were soft LFC 
0, Pas besoin de beaucoup de buts pour voir du spectacle J avais pas pris autant mon pied devant un match de PL depuis un moment MCILIV 
0, Yaaaaassssssss t co wMHIJhGiZ 
0, GOOOOOOAL MILNERRRR t co RfdB QSUwY 
0, CFC new manager nTHFC newish manager nMCFC new manager nLFC new manager nUnited new manager nARSENAL ud d udc nEverton new manager 
0, GOOOOOOAL MILNERRRR t co RfdB QSUwY 
0, Great penalty by Milner MCILIV YNWA RedOrDead 
1, u Liverpool have to win o 
0, Just imagine the CB pairing of Matip amp Van Djik n LFC 
-1, How is that not a sell out Shameful 
1, A thoroughly entertaining contest ends with a share of the points ud d udd ud d udd t co h NnHKMg q 
0, HT ManCity LFC 
0, u EluMahEnakGanteng n u RevisiPM n u a MCILIV n u b My Name Is Khan n u c COYS n n WIB trndnl t co J Uq QuZv 
0, P u caNALTIIIIIIIIIIIIIIIIIIIIIII PARA O 
0, coutinho dikeluarkan dan divock origi dimasukkan n nMCI LFC MCILIV YNWA 
0, MCILIV u eakamisiniz ya gol atmamak icin bu kadar ugrasilirmi ud d ude 
0, GOOOOOOAL MILNERRRR t co RfdB QSUwY 
1, Goodbye pep Hello Pellegrini
-1, One day we might get a penalty in a big game 
0, You don t say t co OU q IhgU 
0, Malah salaman wkwkwkwk MCILIV 
0, So close n nRoberto races through but his shot is saved n n t co pFAQxRy eV 
2, No wonder Lalanna was playing for England funnyyyy man you ll never win leagues with these fellas 
0, San u e centre u e ras de terre et Milner la sort en corner Heureusement car Sterling u e tait derri u e re MCILIV 
0, Thought Emre Can was a stand out performer today LFC 
0, scored too early 
1, We need reinforcements proper footballers maybe or quality players LFC 
1, All i know is if LFC are not in the top come May
0, Come on boys u ufe f MCILIV 
1, Michael Oliver in that st half handing yellow cards like n n MCILIV t co VXt pVkh 
0, MCILIV Aguero goes close with a header 
1, I hope the players are watching men play soccer Strong lads mcfc vs Lfc 
0, Dope sentence construction Lemme read all the books in this world and I still won t be able to construct such beau u t co e LpYYgG 
0, COME ON t co ujnR uWFQ 
0, iki g u fcnd u fcr y u fcz u fcm g u fcl u fcyor t co u cCr m LFC 
0, Klavan
0, Lol blatantly not properly watching the clip for RTs Gd t co OmHiu sOwV 
-1, MCILIV sorry not scoring into a empty net
0, Que raro t co UgXz wlUo 
-1, PENALTY to Liverpool u MCILIV 
0, It s been a rain soaked battle so far u ufe f t co RGiClUqWhK 
0, Come on boys
0, STERLING LALLANA SERGIO ud d ude ud d ude ud d ude MCFCvLFC MCILIV n ud c udf b ud c udf b 
-1, James Milner Ice cold n to LFC 
0, man city vs liverpool live streaming t co Clcu S W online hd n MCILIV stream nMCILIV stream online nMCI u 
0, Oh yes LFC t co uGO yd nMm 
-1, such a bitchy tweet ud d ude ud d ude ud d ude ud d ude t co PStnoaydyq 
0, Este homem u e lindo
0, sport Treble Odds PremierLeague golf tennis nGet x The Odds football amp any Sport n LFC MCFC EFC Claim gt u t co SQG He THc 
-1, WHAT THE HECK is she putting inside n MCILIV n t co MKWjsJsfH 
0, COME ON t co ujnR uWFQ 
-1, if that s LFC s bad patch over and hopefully it is 
0, This game got me moving up and down MCILIV 
0, GOOOOOOAL MILNERRRR t co RfdB QSUwY 
-1, WHAT THE HECK is she putting inside n MCILIV n t co YNScPKfLcZ 
0, Boooooom n n LFC MCFCvLFC t co EXcHEO u 
0, HT ud d udd ud d udd n nEntertainment
1, Watching vs and you can t even blink Exciting game MCILIV t co YLfB GAxj 
0, Trend Alert MCILIV More trends at t co tT OImHU trndnl t co psWoWJX uF 
0, I did tell you all that Lallana was nothing more that a soap model MCILIV 
0, ud d udd u ufe f n u b ufe f u bd ufe f ud d udd n MCILIV t co RsiD Zwkze 
0, klub kaya pelatih mahal pemain mahal
-1, Scandalous t co YmJ A YzIb 
1, just seen this Theo is missing being there but thinks he s there I Spirit He predicted another win 
0, GOAL Man City Liverpool Aguero t co vgsdK xcr MCILIV 
-1, WHAT THE HECK is she putting inside n MCILIV n t co J KzBLMe 
1, Oh dear Aguero That was match right there
